{"cameraMode":{"drawMode":0,"name":"Shaded","section":"Shading Mode"},"sceneLighting":true,"audioPlay":false,"sceneViewState":{"m_AlwaysRefresh":false,"showFog":true,"showSkybox":true,"showFlares":true,"showImageEffects":true,"showParticleSystems":true,"showVisualEffectGraphs":true,"m_FxEnabled":true},"in2DMode":false,"pivot":{"x":-137.36900329589845,"y":-337.37530517578127,"z":-323.55987548828127},"rotation":{"x":-0.07713551819324494,"y":0.9091823697090149,"z":-0.35978010296821597,"w":-0.19492526352405549},"size":261.94586181640627,"orthographic":false}